 altitude/km, 32COS->CO+32S, OH->O+H, CO2->CO+O, 33COS->CO+33S, 34COS->CO+34S, 36COS->CO+36S, 32SO->32S+O, 33SO->33S+O, 34SO->34S+O, 36SO->36S+O, 32CS2->32CS+32S, 32CS2->32CS2E, 33CS2->33CS+33S, 33CS2->33CS2E, 34CS2->34CS+34S, 34CS2->34CS2E, 36CS2->36CS+36S, 36CS2->36CS2E, O2->O+O, O3->O2+O, 32SO2->32SO+O, 32SO2->32SO2_1, 32SO2->32SO2_3, 33SO2->33SO+O, 33SO2->33SO2_1, 33SO2->33SO2_3, 34SO2->34SO+O, 34SO2->34SO2_1, 34SO2->34SO2_3, 36SO2->36SO+O, 36SO2->36SO2_1, 36SO2->36SO2_3, 32H2S->32SH+H, H2O->OH+H, H2O->H2+O, 33H2S->33SH+H, 34H2S->34SH+H, 36H2S->36SH+H, H2->H+H, HO2->OH+O, 32SO3->32SO2+O, 33SO3->33SO2+O, 34SO3->34SO2+O, 36SO3->36SO2+O, N2->N+N
           1   9.8060455630593541E-015   1.6358743855855752E-028   0.0000000000000000        9.8095696459341240E-015   9.8167389782379747E-015   9.8249130513060696E-015   2.2781764227778010E-015   2.2501425290310645E-015   2.2120185590443678E-015   2.1565113567324160E-015   3.6089452767156027E-017   3.9828868324135292E-009   3.6089452767156027E-017   3.9828868324135292E-009   3.6089452767156027E-017   3.9828868324135292E-009   3.6089452767156027E-017   3.9828868324135292E-009   1.7936883902718116E-022   4.2272970830535615E-009   6.1795772615757229E-024   3.3646526381140723E-008   2.7149534598438540E-010   6.2285782868737141E-024   3.3533249141867765E-008   2.7743295717290692E-010   6.2503805447261324E-024   3.3470306794001643E-008   2.7648393567615073E-010   6.2648211856302450E-024   3.3458295376360375E-008   2.7668644221445971E-010   1.3839529501102000E-010   5.3404402061661707E-038   0.0000000000000000        1.3839529501102000E-010   1.3839529501102000E-010   1.3839529501102000E-010   0.0000000000000000        9.7723510967176130E-015   3.1172537932559162E-011   3.1172537932559162E-011   3.1172537932559162E-011   3.1172537932559162E-011   0.0000000000000000     
           2   9.8911663791427709E-015   1.7187975487472438E-026   0.0000000000000000        9.8949061374445383E-015   9.9025239914640839E-015   9.9112245744112212E-015   2.3118669659870677E-015   2.2840383007353551E-015   2.2457376487628019E-015   2.1899853093344424E-015   3.6270978513602889E-017   3.9866626348057182E-009   3.6270978513602889E-017   3.9866626348057182E-009   3.6270978513602889E-017   3.9866626348057182E-009   3.6270978513602889E-017   3.9866626348057182E-009   7.1996628929771302E-022   4.2383399395056717E-009   6.4794572652788968E-022   3.3754258447063601E-008   2.7152221274754826E-010   6.5173349863510833E-022   3.3638603620443485E-008   2.7746109175762230E-010   6.5175801545443379E-022   3.3571350793638481E-008   2.7651185871604619E-010   6.5146068179804383E-022   3.3553620245817996E-008   2.7671442989760451E-010   1.3876572040668905E-010   2.3420245766533067E-034   0.0000000000000000        1.3876572040668905E-010   1.3876572040668905E-010   1.3876572040668905E-010   0.0000000000000000        1.0377736500428973E-014   3.1257876564297831E-011   3.1257876564297831E-011   3.1257876564297831E-011   3.1257876564297831E-011   0.0000000000000000     
           3   1.0140162906417796E-014   1.1005827278089056E-024   0.0000000000000000        1.0144722819066304E-014   1.0154056706977943E-014   1.0164776551227079E-014   2.4052296425651409E-015   2.3770973096010719E-015   2.3376916018679130E-015   2.2800935362428161E-015   3.6818304679884173E-017   3.9893045974515240E-009   3.6818304679884173E-017   3.9893045974515240E-009   3.6818304679884173E-017   3.9893045974515240E-009   3.6818304679884173E-017   3.9893045974515240E-009   3.1114546938545237E-021   4.2460754991140760E-009   4.3239136245803174E-020   3.3829718015791806E-008   2.7154100309952675E-010   4.3376779223426300E-020   3.3712394605824425E-008   2.7748076890379531E-010   4.3228355411260716E-020   3.3642116383838858E-008   2.7653138791068908E-010   4.3080235538577178E-020   3.3620373284503037E-008   2.7673400428860662E-010   1.3902539572973578E-010   2.5218042209834674E-031   0.0000000000000000        1.3902539572973578E-010   1.3902539572973578E-010   1.3902539572973578E-010   0.0000000000000000        1.2878749008465281E-014   3.1317711158219998E-011   3.1317711158219998E-011   3.1317711158219998E-011   3.1317711158219998E-011   0.0000000000000000     
           4   1.1186875585422811E-014   4.5414708511638614E-023   0.0000000000000000        1.1194561100276351E-014   1.1210446992081143E-014   1.1228887762333166E-014   2.7172442109815926E-015   2.6857845135477639E-015   2.6410043276343984E-015   2.5744643754638739E-015   4.0559027035980333E-017   3.9911699373857144E-009   4.0559027035980333E-017   3.9911699373857144E-009   4.0559027035980333E-017   3.9911699373857144E-009   4.0559027035980333E-017   3.9911699373857144E-009   1.4034363369665967E-020   4.2515435055090699E-009   1.8567250333351280E-018   3.3883020891800974E-008   2.7155431339302144E-010   1.8575903843558876E-018   3.3764517850739252E-008   2.7749470672311814E-010   1.8447437663766258E-018   3.3692100751546937E-008   2.7654522106605042E-010   1.8335041759380606E-018   3.3667521666313780E-008   2.7674786938653502E-010   1.3921034019166198E-010   3.2462956720292675E-028   0.0000000000000000        1.3921034019166198E-010   1.3921034019166198E-010   1.3921034019166198E-010   0.0000000000000000        2.3721105283781656E-014   3.1360277560648964E-011   3.1360277560648964E-011   3.1360277560648964E-011   3.1360277560648964E-011   0.0000000000000000     
           5   1.5852361967005284E-014   1.2989887722009952E-021   0.0000000000000000        1.5871411218010914E-014   1.5911102707080846E-014   1.5957605905077788E-014   4.1335915769213968E-015   4.0819447637850786E-015   4.0092322991063494E-015   3.8991967624151013E-015   8.8427037345782579E-017   3.9924823097791287E-009   8.8427037345782579E-017   3.9924823097791287E-009   8.8427037345782579E-017   3.9924823097791287E-009   8.8427037345782579E-017   3.9924823097791287E-009   6.3960014209456046E-020   4.2554011465466859E-009   5.3242902175851721E-017   3.3920517883687092E-008   2.7156376156443422E-010   5.3087953668453139E-017   3.3801185364936379E-008   2.7750459922878435E-010   5.2494164066952429E-017   3.3727264448410507E-008   2.7655503950958334E-010   5.2030071059939801E-017   3.3700691850190947E-008   2.7675771038734109E-010   1.3934823101965827E-010   1.7712928291771430E-024   0.0000000000000000        1.3934823101965827E-010   1.3934823101965827E-010   1.3934823101965827E-010   0.0000000000000000        7.1050158746993363E-014   3.1391602301069847E-011   3.1391602301069847E-011   3.1391602301069847E-011   3.1391602301069847E-011   0.0000000000000000     
           6   3.5882524824666627E-014   2.9797734309103808E-020   0.0000000000000000        3.5939453346292463E-014   3.6058243266788650E-014   3.6197880754714168E-014   1.2118859645062841E-014   1.1970747245146629E-014   1.1757354622668133E-014   1.1455354622259955E-014   1.2273106987780849E-015   3.9934148104691192E-009   1.2273106987780849E-015   3.9934148104691192E-009   1.2273106987780849E-015   3.9934148104691192E-009   1.2273106987780849E-015   3.9934148104691192E-009   2.8459558796134031E-019   4.2581725062181007E-009   1.0749442134018699E-015   3.3947134864693507E-008   2.7157060496333354E-010   1.0674327902186087E-015   3.3827214923947044E-008   2.7751176282232664E-010   1.0497322029918725E-015   3.3752229392565533E-008   2.7656214980189349E-010   1.0383102555575206E-015   3.3724245796944468E-008   2.7676483684710740E-010   1.3948332667712218E-010   6.0975141270899678E-022   0.0000000000000000        1.3948332667712218E-010   1.3948332667712218E-010   1.3948332667712218E-010   0.0000000000000000        2.7172910699705207E-013   3.1420007330197502E-011   3.1420007330197502E-011   3.1420007330197502E-011   3.1420007330197502E-011   0.0000000000000000     
           7   1.1525411331865114E-013   6.0601497286825081E-019   0.0000000000000000        1.1542178503573008E-013   1.1577035424725440E-013   1.1617978986179588E-013   5.9435373470718682E-014   5.9120125915282606E-014   5.8432026345405371E-014   5.7787604070233865E-014   3.2740942524648494E-014   3.9940819193880743E-009   3.2740942524648494E-014   3.9940819193880743E-009   3.2740942524648494E-014   3.9940819193880743E-009   3.2740942524648494E-014   3.9940819193880743E-009   1.1964946486970754E-018   4.2602506637048072E-009   1.6009169250932329E-014   3.3966126431545170E-008   2.7157570180700472E-010   1.5843585538689061E-014   3.3845789883830546E-008   2.7751709569212603E-010   1.5492619311007516E-014   3.3770049941493813E-008   2.7656744348497409E-010   1.5342781120997289E-014   3.3741066762467929E-008   2.7677014231677125E-010   1.3974436547308854E-010   3.8467963726754194E-020   0.0000000000000000        1.3974436547308854E-010   1.3974436547308854E-010   1.3974436547308854E-010   0.0000000000000000        1.0707167653084796E-012   3.1466408398817083E-011   3.1466408398817083E-011   3.1466408398817083E-011   3.1466408398817083E-011   0.0000000000000000     
           8   3.9619417460745447E-013   9.1143795731086425E-018   0.0000000000000000        3.9662644361550122E-013   3.9751786174252085E-013   3.9856211281887048E-013   3.3519418609445227E-013   3.3866223402980332E-013   3.3915696671458933E-013   3.4480141672194117E-013   5.9816031672069910E-013   3.9945706764881149E-009   5.9816031672069910E-013   3.9945706764881149E-009   5.9816031672069910E-013   3.9945706764881149E-009   5.9816031672069910E-013   3.9945706764881149E-009   4.6273837086751813E-018   4.2620566798881128E-009   1.7838578583180201E-013   3.3979958854470714E-008   2.7157974507746113E-010   1.7612411891694058E-013   3.3859322951495975E-008   2.7752132260485547E-010   1.7144640899082137E-013   3.3783041939436700E-008   2.7657164006133510E-010   1.7012740847870871E-013   3.3753342214623406E-008   2.7677434786975485E-010   1.4060127228739591E-010   8.2732270584073526E-019   0.0000000000000000        1.4060127228739591E-010   1.4060127228739591E-010   1.4060127228739591E-010   0.0000000000000000        3.9715308600054509E-012   3.1602733588080031E-011   3.1602733588080031E-011   3.1602733588080031E-011   3.1602733588080031E-011   0.0000000000000000     
           9   1.2603888893360584E-012   8.8304906943171046E-017   1.1140581990939931E-293   1.2612587940009277E-012   1.2630257317949289E-012   1.2650886636256501E-012   1.8530488992277799E-012   1.9069454854901303E-012   1.9370931210054305E-012   2.0290485749686977E-012   6.5173321250167505E-012   3.9949429036724449E-009   6.5173321250167505E-012   3.9949429036724449E-009   6.5173321250167505E-012   3.9949429036724449E-009   6.5173321250167505E-012   3.9949429036724449E-009   1.6183306887084343E-017   4.2641827952394628E-009   1.4685054016973231E-012   3.3990363115997233E-008   2.7158330756488442E-010   1.4465092416235806E-012   3.3869508549514762E-008   2.7752504171841179E-010   1.4037902559302977E-012   3.3792833969617316E-008   2.7657533352641909E-010   1.3895605189590839E-012   3.3762613589902029E-008   2.7677804870595177E-010   1.4372234580297542E-010   8.1435223527343974E-018   0.0000000000000000        1.4372234580297542E-010   1.4372234580297542E-010   1.4372234580297542E-010   0.0000000000000000        1.3379502125005105E-011   3.2075401189137699E-011   3.2075401189137699E-011   3.2075401189137699E-011   3.2075401189137699E-011   0.0000000000000000     
          10   3.5871696591455679E-012   6.0106964373919614E-016   2.7505503286193932E-250   3.5881797819832769E-012   3.5901307289263030E-012   3.5924007116864577E-012   9.3788078766584197E-012   9.7831755803426943E-012   1.0032715283361294E-011   1.0736029993985895E-011   4.8485600314765286E-011   3.9952434895440775E-009   4.8485600314765286E-011   3.9952434895440775E-009   4.8485600314765286E-011   3.9952434895440775E-009   4.8485600314765286E-011   3.9952434895440775E-009   5.1657488898949172E-017   4.2676765883027133E-009   9.1228571783298032E-012   3.3998568619171582E-008   2.7158690830517892E-010   8.9719875450813072E-012   3.3877551499535404E-008   2.7752879406542051E-010   8.6934710625183897E-012   3.3800586953921146E-008   2.7657906134766425E-010   8.5659203049695166E-012   3.3769983832451568E-008   2.7678178328130438E-010   1.5479802943917068E-010   5.0744560344229549E-017   0.0000000000000000        1.5479802943917068E-010   1.5479802943917068E-010   1.5479802943917068E-010   0.0000000000000000        4.1045850128879875E-011   3.3699043790404415E-011   3.3699043790404415E-011   3.3699043790404415E-011   3.3699043790404415E-011   0.0000000000000000     
          11   9.0215777401574663E-012   3.0060840915913093E-015   5.9970397465376465E-216   9.0203723206305323E-012   9.0174699944639467E-012   9.0140979263568243E-012   4.0371924244303436E-011   4.2387681931319583E-011   4.3639794797015502E-011   4.7207938913356350E-011   2.6024991524191113E-010   3.9955001563066907E-009   2.6024991524191113E-010   3.9955001563066907E-009   2.6024991524191113E-010   3.9955001563066907E-009   2.6024991524191113E-010   3.9955001563066907E-009   1.4975348752522921E-016   4.2743470606967553E-009   4.3003538852031342E-011   3.4005294920756240E-008   2.7159101430510791E-010   4.2266876074650445E-011   3.3884159015172466E-008   2.7753306532102050E-010   4.0940810341621120E-011   3.3806986630698756E-008   2.7658330622679961E-010   4.0167774919574221E-011   3.3776110503464862E-008   2.7678603507022577E-010   1.9064447569567149E-010   2.2557033993679570E-016   0.0000000000000000        1.9064447569567149E-010   1.9064447569567149E-010   1.9064447569567149E-010   0.0000000000000000        1.1409621252575319E-010   3.8812372024139120E-011   3.8812372024139120E-011   3.8812372024139120E-011   3.8812372024139120E-011   0.0000000000000000     
          12   2.0856021207894224E-011   1.2154034715674881E-014   2.4143941497144946E-187   2.0844187227278125E-011   2.0818728526605465E-011   2.0789224802438142E-011   1.5089072883689620E-010   1.5864730288414171E-010   1.6337314662591844E-010   1.7738975390742851E-010   1.1156721391945428E-009   3.9957247978768414E-009   1.1156721391945428E-009   3.9957247978768414E-009   1.1156721391945428E-009   3.9957247978768414E-009   1.1156721391945428E-009   3.9957247978768414E-009   4.0873520545196211E-016   4.2878518462258280E-009   1.6641028286120828E-010   3.4010857113333978E-008   2.7159580238839332E-010   1.6357474705435674E-010   3.3889640449682769E-008   2.7753803950238511E-010   1.5851363928930669E-010   3.3812332249057933E-008   2.7658825102914889E-010   1.5502046414248295E-010   3.3781279548083180E-008   2.7679098724352700E-010   2.9946914575575115E-010   8.0346226040630028E-016   0.0000000000000000        2.9946914575575115E-010   2.9946914575575115E-010   2.9946914575575115E-010   0.0000000000000000        2.9844643893087511E-010   5.3982456756456140E-011   5.3982456756456140E-011   5.3982456756456140E-011   5.3982456756456140E-011   0.0000000000000000     
          13   4.4298776103871638E-011   4.0382382754887835E-014   1.7617995890283883E-163   4.4254330998639535E-011   4.4160411073735679E-011   4.4051738461652163E-011   4.8038655880744007E-010   5.0428983743575968E-010   5.1840335470742812E-010   5.6267201119504555E-010   3.8884576557890898E-009   3.9958930705061421E-009   3.8884576557890898E-009   3.9958930705061421E-009   3.8884576557890898E-009   3.9958930705061421E-009   3.8884576557890898E-009   3.9958930705061421E-009   1.0322063034204421E-015   4.3142378288357712E-009   5.3380846168426060E-010   3.4014831312740618E-008   2.7160009593165816E-010   5.2497640890826988E-010   3.3893567931142581E-008   2.7754249698876864E-010   5.0919708735367440E-010   3.3816185315726097E-008   2.7659268278319674E-010   4.9703244780976527E-010   3.3785037283658023E-008   2.7679542530225873E-010   5.9176029365645458E-010   2.3645133521267824E-015   0.0000000000000000        5.9176029365645458E-010   5.9176029365645458E-010   5.9176029365645458E-010   0.0000000000000000        7.2499134948933686E-010   9.3978511728138977E-011   9.3978511728138977E-011   9.3978511728138977E-011   9.3978511728138977E-011   0.0000000000000000     
          14   9.8214301256050835E-011   1.2137688980643014E-013   2.3686786104857335E-143   9.8081441107264229E-011   9.7802677097537779E-011   9.7480519572694249E-011   1.4143825638660317E-009   1.4799009849457400E-009   1.5168792953899465E-009   1.6409677912234748E-009   1.2115387642582281E-008   4.0517606252827616E-009   1.2115387642582281E-008   4.0517606252827616E-009   1.2115387642582281E-008   4.0517606252827616E-009   1.2115387642582281E-008   4.0517606252827616E-009   2.6321605393223630E-015   4.5466686886009949E-009   1.5639572455089496E-009   3.5185882437540782E-008   2.7361856019546152E-010   1.5396173249599184E-009   3.5060799531602435E-008   2.7963609081142673E-010   1.4955354788892599E-009   3.4982082100551097E-008   2.7867459444857646E-010   1.4593745585797108E-009   3.4950970974719118E-008   2.7888009052247572E-010   1.3855972879302311E-009   6.4345794422327255E-015   0.0000000000000000        1.3855972879302311E-009   1.3855972879302311E-009   1.3855972879302311E-009   0.0000000000000000        1.7973586380453766E-009   2.0213361642134740E-010   2.0213361642134740E-010   2.0213361642134740E-010   2.0213361642134740E-010   0.0000000000000000     
          15   2.0315143778925638E-010   3.1689358448219196E-013   2.5122275956867420E-126   2.0281553876672738E-010   2.0211352515574650E-010   2.0130282010898631E-010   3.6396345087989058E-009   3.7948148530769679E-009   3.8778332254887019E-009   4.1789670158784473E-009   3.2540964593863979E-008   4.1162324720845584E-009   3.2540964593863979E-008   4.1162324720845584E-009   3.2540964593863979E-008   4.1162324720845584E-009   3.2540964593863979E-008   4.1162324720845584E-009   6.1275889530042380E-015   4.8752613958585792E-009   3.9894406384685969E-009   3.6579316665443954E-008   2.7591646776527553E-010   3.9313273897439488E-009   3.6449735109731382E-008   2.8201988708264493E-010   3.8245473904426022E-009   3.6369541338920418E-008   2.8104504041754961E-010   3.7343328763566485E-009   3.6338603393839405E-008   2.8125368723185123E-010   3.1979576591221040E-009   1.5527321449887621E-014   0.0000000000000000        3.1979576591221040E-009   3.1979576591221040E-009   3.1979576591221040E-009   0.0000000000000000        4.0924781392502194E-009   4.4616797636571815E-010   4.4616797636571815E-010   4.4616797636571815E-010   4.4616797636571815E-010   0.0000000000000000     
          16   3.9393052318074039E-010   7.3282565733765146E-013   5.9756297431078871E-112   3.9318300484676709E-010   3.9162433145027213E-010   3.8982509106132337E-010   8.3186184190430368E-009   8.6440008698983315E-009   8.8075070532478215E-009   9.4549942655548237E-009   7.6919993477416281E-008   4.1901627046711762E-009   7.6919993477416281E-008   4.1901627046711762E-009   7.6919993477416281E-008   4.1901627046711762E-009   7.6919993477416281E-008   4.1901627046711762E-009   1.3063301176874873E-014   5.3515325490347551E-009   9.0297107141439274E-009   3.8234884932447995E-008   2.7851031237272317E-010   8.9067709002548243E-009   3.8100008460721727E-008   2.8471113756927673E-010   8.6777386136279290E-009   3.8018187229937430E-008   2.8372115648051506E-010   8.4833018762242906E-009   3.7987596431065039E-008   2.8393338025352893E-010   6.9038186102212014E-009   3.3903501616054651E-014   0.0000000000000000        6.9038186102212014E-009   6.9038186102212014E-009   6.9038186102212014E-009   0.0000000000000000        8.5773432735220726E-009   9.4109887315297935E-010   9.4109887315297935E-010   9.4109887315297935E-010   9.4109887315297935E-010   0.0000000000000000     
          17   7.2441282285549689E-010   1.5425125577793050E-012   1.2344836881429236E-099   7.2289869115726705E-010   7.1974594387754677E-010   7.1610744183190654E-010   1.7318862115307624E-008   1.7940569655734292E-008   1.8230855560956446E-008   1.9499732376513057E-008   1.6464872977318817E-007   4.2735290798126608E-009   1.6464872977318817E-007   4.2735290798126608E-009   1.6464872977318817E-007   4.2735290798126608E-009   1.6464872977318817E-007   4.2735290798126608E-009   2.5888356200906064E-014   6.0506077110151338E-009   1.8619533066791301E-008   4.0179074889319786E-008   2.8138340078428655E-010   1.8382800981657147E-008   4.0038039943078113E-008   2.8769267872639907E-010   1.7935940536153393E-008   3.9954462606110516E-008   2.8668585425632969E-010   1.7561889458507550E-008   3.9924450097991301E-008   2.8690206527076140E-010   1.3897808113098206E-008   6.8736195542479175E-014   0.0000000000000000        1.3897808113098206E-008   1.3897808113098206E-008   1.3897808113098206E-008   0.0000000000000000        1.6773640729345441E-008   1.8695280776744909E-009   1.8695280776744909E-009   1.8695280776744909E-009   1.8695280776744909E-009   0.0000000000000000     
          18   1.2804860601876846E-009   3.0108815224810620E-012   4.4394209242860107E-089   1.2776337364281139E-009   1.2716992795000495E-009   1.2648512240763803E-009   3.3439355082750675E-008   3.4544706861992669E-008   3.5018515094353989E-008   3.7328401919075906E-008   3.2528706019416070E-007   4.3718511291266960E-009   3.2528706019416070E-007   4.3718511291266960E-009   3.2528706019416070E-007   4.3718511291266960E-009   3.2528706019416070E-007   4.3718511291266960E-009   4.8344967520415642E-014   7.1119159747975843E-009   3.5634201833134018E-008   4.2582920859926535E-008   2.8470298778287678E-010   3.5212317840946668E-008   4.2434350335490382E-008   2.9113830011817926E-010   3.4404477140830747E-008   4.2348812240524962E-008   2.9011191139628896E-010   3.3747675975722575E-008   4.2319744565501995E-008   2.9033276205783290E-010   2.6281125905734308E-008   1.3184607198432450E-013   0.0000000000000000        2.6281125905734308E-008   2.6281125905734308E-008   2.6281125905734308E-008   0.0000000000000000        3.1008645489365827E-008   3.5066582230468043E-009   3.5066582230468043E-009   3.5066582230468043E-009   3.5066582230468043E-009   0.0000000000000000     
          19   2.1802042680283846E-009   5.5068340217971997E-012   5.2409987043181076E-080   2.1751538855971563E-009   2.1646503334507192E-009   2.1525301663509952E-009   6.0463914707645864E-008   6.2314610876376009E-008   6.3033970825777560E-008   6.6982367355149154E-008   5.9969184668539017E-007   4.4841700444382744E-009   5.9969184668539017E-007   4.4841700444382744E-009   5.9969184668539017E-007   4.4841700444382744E-009   5.9969184668539017E-007   4.4841700444382744E-009   8.5535762548172211E-014   8.6988021801145372E-009   6.3928563664718084E-008   4.5484964547760406E-008   2.8840636463953571E-010   6.3226507066549274E-008   4.5327399791015294E-008   2.9498319389586481E-010   6.1858917205727642E-008   4.5239776114286292E-008   2.9393484970850774E-010   6.0791154027614989E-008   4.5212153686198458E-008   2.9416091753919616E-010   4.6896867592721489E-008   2.4136249629410441E-013   0.0000000000000000        4.6896867592721489E-008   4.6896867592721489E-008   4.6896867592721489E-008   0.0000000000000000        5.4439484906376318E-008   6.2241828612999303E-009   6.2241828612999303E-009   6.2241828612999303E-009   6.2241828612999303E-009   0.0000000000000000     
          20   3.5839166033659070E-009   9.5066625559209448E-012   3.1819961937745167E-072   3.5754519242292880E-009   3.5578495892209738E-009   3.5375378908395669E-009   1.0311161556778161E-007   1.0605573104006534E-007   1.0708171730337115E-007   1.1346666527762583E-007   1.0396645650813989E-006   4.6102857080436793E-009   1.0396645650813989E-006   4.6102857080436793E-009   1.0396645650813989E-006   4.6102857080436793E-009   1.0396645650813989E-006   4.6102857080436793E-009   1.4404284448443204E-013   1.1036668945189537E-008   1.0828615152533112E-007   4.8956452511630668E-008   2.9245527762579431E-010   1.0718911858940975E-007   4.8788258590570180E-008   2.9918791552693007E-010   1.0500402448389505E-007   4.8698503060015741E-008   2.9811541311140020E-010   1.0337842939929130E-007   4.8672996458357606E-008   2.9834723406031641E-010   7.9330500852967231E-008   4.2386871442696318E-013   0.0000000000000000        7.9330500852967231E-008   7.9330500852967231E-008   7.9330500852967231E-008   0.0000000000000000        9.1138252416078683E-008   1.0491408742428955E-008   1.0491408742428955E-008   1.0491408742428955E-008   1.0491408742428955E-008   0.0000000000000000     
          21   5.6890759426624281E-009   1.5589000816472471E-011   1.6051461142623175E-065   5.6755766585373283E-009   5.6475033245877452E-009   5.6151082559791087E-009   1.6685909248125690E-007   1.7133897311051999E-007   1.7272462388664499E-007   1.8255241317277156E-007   1.7066633704822334E-006   4.7469820473566462E-009   1.7066633704822334E-006   4.7469820473566462E-009   1.7066633704822334E-006   4.7469820473566462E-009   1.7066633704822334E-006   4.7469820473566462E-009   2.3173174658094250E-013   1.4392629556485646E-008   1.7422988525450068E-007   5.2995706199609388E-008   2.9671753805617595E-010   1.7261261743281811E-007   5.2815299956649704E-008   3.0361540790241421E-010   1.6929495930768008E-007   5.2723504512310246E-008   3.0251730238614783E-010   1.6695357436802747E-007   5.2700917896563695E-008   3.0275523455458673E-010   1.2778126725336747E-007   7.1624077826699802E-013   0.0000000000000000        1.2778126725336747E-007   1.2778126725336747E-007   1.2778126725336747E-007   0.0000000000000000        1.4594423901973160E-007   1.6857767134563359E-008   1.6857767134563359E-008   1.6857767134563359E-008   1.6857767134563359E-008   0.0000000000000000     
          22   8.7782246822219329E-009   2.4552102225228586E-011   1.1880921775253317E-059   8.7575415418709752E-009   8.7145212352800656E-009   8.6648775765365347E-009   2.5901128066295365E-007   2.6559898992507272E-007   2.6738968511555015E-007   2.8193149206257598E-007   2.6833890166931859E-006   4.8935146158429504E-009   2.6833890166931859E-006   4.8935146158429504E-009   2.6833890166931859E-006   4.8935146158429504E-009   2.6833890166931859E-006   4.8935146158429504E-009   3.5945397875763300E-013   1.9165672010751617E-008   2.6913461037899089E-007   5.7677253133726397E-008   3.0114561916302564E-010   2.6686802690597145E-007   5.7482875985691204E-008   3.0821645119493028E-010   2.6203029878508932E-007   5.7389234403871735E-008   3.0709156219370743E-010   2.5879816423434768E-007   5.7370548346949234E-008   3.0733590242413104E-010   1.9791972476881381E-007   1.1746184101082802E-012   0.0000000000000000        1.9791972476881381E-007   1.9791972476881381E-007   1.9791972476881381E-007   0.0000000000000000        2.2552105919731249E-007   2.6066255858195199E-008   2.6066255858195199E-008   2.6066255858195199E-008   2.6066255858195199E-008   0.0000000000000000     
          23   1.3238923286294078E-008   3.7400733792398474E-011   1.7473616540040629E-054   1.3208293230929591E-008   1.3144567178459399E-008   1.3071030881518682E-008   3.8835818593804028E-007   3.9778428764912057E-007   4.0001743150672629E-007   4.2083056730425311E-007   4.0702544043012092E-006   5.0509199226595261E-009   4.0702544043012092E-006   5.0509199226595261E-009   4.0702544043012092E-006   5.0509199226595261E-009   4.0702544043012092E-006   5.0509199226595261E-009   5.4108621587080311E-013   2.5926487425283159E-008   4.0189073769507760E-007   6.3159143051888172E-008   3.0574571738249000E-010   3.9886063305633349E-007   6.2948632499124850E-008   3.1299761814597573E-010   3.9203765937149466E-007   6.2853438709839048E-008   3.1184470896671102E-010   3.8771879812731579E-007   6.2839885140849170E-008   3.1209576929304168E-010   2.9672367962975383E-007   1.8788501982118527E-012   0.0000000000000000        2.9672367962975383E-007   2.9672367962975383E-007   2.9672367962975383E-007   0.0000000000000000        3.3840304879687563E-007   3.9034731469224359E-008   3.9034731469224359E-008   3.9034731469224359E-008   3.9034731469224359E-008   0.0000000000000000     
          24   1.9436073509205890E-008   5.5065656531248008E-011   6.0881347297617015E-050   1.9392313212628302E-008   1.9301240494419199E-008   1.9196152870685278E-008   5.6205083898587875E-007   5.7516242000129084E-007   5.7785572419153237E-007   6.0664916292031853E-007   5.9538249545769456E-006   5.2144530251836073E-009   5.9538249545769456E-006   5.2144530251836073E-009   5.9538249545769456E-006   5.2144530251836073E-009   5.9538249545769456E-006   5.2144530251836073E-009   7.8896953554436768E-013   3.5230319490635931E-008   5.7966747024073988E-007   6.9419772695228552E-008   3.1035946851316055E-010   5.7581473350734514E-007   6.9191121717624355E-008   3.1779437759088234E-010   5.6650440099492381E-007   6.9094837133284818E-008   3.1661316693877000E-010   5.6089845366928594E-007   6.9087703863071170E-008   3.1687103120741988E-010   4.3003863538301536E-007   2.9212409135588157E-012   0.0000000000000000        4.3003863538301536E-007   4.3003863538301536E-007   4.3003863538301536E-007   0.0000000000000000        4.9203831607691417E-007   5.6531617254069663E-008   5.6531617254069663E-008   5.6531617254069663E-008   5.6531617254069663E-008   0.0000000000000000     
          25   2.7777576445365301E-008   7.8587469458174711E-011   6.3305373144375533E-046   2.7717164859588919E-008   2.7591391385105178E-008   2.7446276476670185E-008   7.8734024270069576E-007   8.0510298763858562E-007   8.0825540967577515E-007   8.4684767407085581E-007   8.4251797090027785E-006   5.3808090943657691E-009   8.4251797090027785E-006   5.3808090943657691E-009   8.4251797090027785E-006   5.3808090943657691E-009   8.4251797090027785E-006   5.3808090943657691E-009   1.1165139565557956E-012   4.7766794685152312E-008   8.0972684659961391E-007   7.6475314035431192E-008   3.1488626360885250E-010   8.0507382524224110E-007   7.6226594994089032E-008   3.2250207936368070E-010   7.9274237961143660E-007   7.6129800914408750E-008   3.2129291040081395E-010   7.8563323019764147E-007   7.6130373047906368E-008   3.2155751191582272E-010   6.0392583233628505E-007   4.4196843230943557E-012   0.0000000000000000        6.0392583233628505E-007   6.0392583233628505E-007   6.0392583233628505E-007   0.0000000000000000        6.9437745847179062E-007   7.9353793146997513E-008   7.9353793146997513E-008   7.9353793146997513E-008   7.9353793146997513E-008   0.0000000000000000     
          26   3.8651287285307268E-008   1.0884863290142199E-010   2.2159009522337824E-042   3.8570669724656392E-008   3.8402757275973845E-008   3.8209050510174023E-008   1.0689535361474223E-006   1.0924068810358265E-006   1.0960007235027644E-006   1.1461697272076918E-006   1.1549657549215090E-005   5.5478605141067544E-009   1.1549657549215090E-005   5.5478605141067544E-009   1.1549657549215090E-005   5.5478605141067544E-009   1.1549657549215090E-005   5.5478605141067544E-009   1.5348953192657501E-012   6.4326169509422589E-008   1.0967966872995102E-006   8.4389984448624368E-008   3.1926903601323847E-010   1.0914783896431469E-006   8.4119280162811270E-008   3.2706125887045622E-010   1.0755947874111498E-006   8.4022627179114640E-008   3.2582484393598826E-010   1.0667495107086427E-006   8.4032116638730848E-008   3.2609602582458706E-010   8.2272723712608762E-007   6.5049558739690315E-012   0.0000000000000000        8.2272723712608762E-007   8.2272723712608762E-007   8.2272723712608762E-007   0.0000000000000000        9.5190828016214097E-007   1.0807810601425249E-007   1.0807810601425249E-007   1.0807810601425249E-007   1.0807810601425249E-007   0.0000000000000000     
          27   5.2413326210881166E-008   1.4673993617759117E-010   3.0494969276008709E-039   5.2309143782200104E-008   5.2092043053211428E-008   5.1841638869155528E-008   1.4105418533801693E-006   1.4407715328292873E-006   1.4447680300192583E-006   1.5081726146347517E-006   1.5384505625618496E-005   5.7130344455712831E-009   1.5384505625618496E-005   5.7130344455712831E-009   1.5384505625618496E-005   5.7130344455712831E-009   1.5384505625618496E-005   5.7130344455712831E-009   2.0543445554893702E-012   8.5834162158482172E-008   1.4444758178526002E-006   9.3215359468645658E-008   3.2344767451434472E-010   1.4387547495213411E-006   9.2920904616037253E-008   3.3140922531999395E-010   1.4187992972391900E-006   9.2825031786217231E-008   3.3014667315670733E-010   1.4079563062814885E-006   9.2844385727706944E-008   3.3042418106750025E-010   1.0899786304101011E-006   9.3319091060751669E-012   0.0000000000000000        1.0899786304101011E-006   1.0899786304101011E-006   1.0899786304101011E-006   0.0000000000000000        1.2702385036908987E-006   1.4317392928839057E-007   1.4317392928839057E-007   1.4317392928839057E-007   1.4317392928839057E-007   0.0000000000000000     
          28   6.8993401832740179E-008   1.9232288738239420E-010   1.7219429740703157E-036   6.8863190113575922E-008   6.8591693637432826E-008   6.8278619645356037E-008   1.8071798577521321E-006   1.8451318348649790E-006   1.8494494495198334E-006   1.9272776065616638E-006   1.9895711657873112E-005   5.8702685667307588E-009   1.9895711657873112E-005   5.8702685667307588E-009   1.9895711657873112E-005   5.8702685667307588E-009   1.9895711657873112E-005   5.8702685667307588E-009   2.6715840032001224E-012   1.1275198215071457E-007   1.8475387512861715E-006   1.0277648090350324E-007   3.2728720389525074E-010   1.8418129827491593E-006   1.0245736439730594E-007   3.3540530906883945E-010   1.8173689998758861E-006   1.0236272167668604E-007   3.3411860449010356E-010   1.8042728419153191E-006   1.0239214297700095E-007   3.3440196950040616E-010   1.4022813414039499E-006   1.3013580734037987E-011   0.0000000000000000        1.4022813414039499E-006   1.4022813414039499E-006   1.4022813414039499E-006   0.0000000000000000        1.6461103933853993E-006   1.8418924194559106E-007   1.8418924194559106E-007   1.8418924194559106E-007   1.8418924194559106E-007   0.0000000000000000     
          29   8.8468717170226241E-008   2.4594722048906851E-010   4.5012338202303010E-034   8.8310814990880876E-008   8.7981359017731368E-008   8.7601546478054384E-008   2.2562212399027717E-006   2.3027632840004688E-006   2.3072932326960912E-006   2.4003768774048998E-006   2.5070699572558264E-005   6.0196410419959903E-009   2.5070699572558264E-005   6.0196410419959903E-009   2.5070699572558264E-005   6.0196410419959903E-009   2.5070699572558264E-005   6.0196410419959903E-009   3.3877831955292424E-012   1.4603407501544628E-007   2.3031802531829622E-006   1.1320681258934468E-007   3.3081384678864948E-010   2.2979550241235086E-006   1.1286224887877824E-007   3.3907655703153572E-010   2.2686631352510552E-006   1.1276894077799783E-007   3.3776755447156345E-010   2.2530407094556381E-006   1.1280797275085445E-007   3.3805633647217276E-010   1.7581414289787657E-006   1.7702112305975565E-011   0.0000000000000000        1.7581414289787657E-006   1.7581414289787657E-006   1.7581414289787657E-006   0.0000000000000000        2.0790759422436184E-006   2.3093579766487933E-007   2.3093579766487933E-007   2.3093579766487933E-007   2.3093579766487933E-007   0.0000000000000000     
          30   1.1092151533243188E-007   3.0795634344725775E-010   6.0248913632987096E-032   1.1073519510546964E-007   1.1034612153583694E-007   1.0989770422552188E-007   2.7545365438511666E-006   2.8104484687832258E-006   2.8150527241654912E-006   2.9238634869249845E-006   3.0888624691380120E-005   6.1619542968358103E-009   3.0888624691380120E-005   6.1619542968358103E-009   3.0888624691380120E-005   6.1619542968358103E-009   3.0888624691380120E-005   6.1619542968358103E-009   4.2038964813318756E-012   1.8697486203409394E-007   2.8081047951036302E-006   1.2474155005872376E-007   3.3406751228043814E-010   2.8039655372417546E-006   1.2437079112393458E-007   3.4246431474356782E-010   2.7695173554909529E-006   1.2427837786605197E-007   3.4113464450460737E-010   2.7510827463973102E-006   1.2432563601207996E-007   3.4142845553478025E-010   2.1556836740178718E-006   2.3567479504726440E-011   0.0000000000000000        2.1556836740178718E-006   2.1556836740178718E-006   2.1556836740178718E-006   0.0000000000000000        2.5685676921137086E-006   2.8318564366838614E-007   2.8318564366838614E-007   2.8318564366838614E-007   2.8318564366838614E-007   0.0000000000000000     
          31   1.3640616698193115E-007   3.7864583591718612E-010   4.5080295292798498E-030   1.3619178213998237E-007   1.3574363369050853E-007   1.3522728261007629E-007   3.2982253021404649E-006   3.3641808178419445E-006   3.3686871325504765E-006   3.4933265120252053E-006   3.7317089194439346E-005   6.2978635667579801E-009   3.7317089194439346E-005   6.2978635667579801E-009   3.7317089194439346E-005   6.2978635667579801E-009   3.7317089194439346E-005   6.2978635667579801E-009   5.1198231211426957E-012   2.3722581748582587E-007   3.3581861165005261E-006   1.3768446294723852E-007   3.3708066129681580E-010   3.3557673225233698E-006   1.3728684714105288E-007   3.4560222096084125E-010   3.3159047338938514E-006   1.3719406391039376E-007   3.4425332969442896E-010   3.2943741661482179E-006   1.3724677246667037E-007   3.4455182463254944E-010   2.5923437154240802E-006   3.0792570046481167E-011   0.0000000000000000        2.5923437154240802E-006   2.5923437154240802E-006   2.5923437154240802E-006   0.0000000000000000        3.1134044691390342E-006   3.4062979541366442E-007   3.4062979541366442E-007   3.4062979541366442E-007   3.4062979541366442E-007   0.0000000000000000     
          32   1.6512098085526896E-007   4.5939287147170622E-010   2.1812851053176721E-028   1.6487962818028207E-007   1.6437442521152352E-007   1.6379250868923871E-007   3.8900280385490843E-006   3.9666916843574805E-006   3.9708653231729608E-006   4.1112149134480498E-006   4.4409843939206856E-005   6.4277837831092749E-009   4.4409843939206856E-005   6.4277837831092749E-009   4.4409843939206856E-005   6.4277837831092749E-009   4.4409843939206856E-005   6.4277837831092749E-009   6.1455226658721304E-012   2.9909548724811311E-007   3.9558122269933549E-006   1.5240538128813853E-007   3.3987739069076578E-010   3.9558151065799548E-006   1.5198042290926174E-007   3.4851523978242425E-010   3.9102672825769296E-006   1.5188481490930906E-007   3.4714843879934456E-010   3.8853389342359053E-006   1.5193818505097810E-007   3.4745130399139298E-010   3.0704481745839012E-006   3.9705866613772844E-011   0.0000000000000000        3.0704481745839012E-006   3.0704481745839012E-006   3.0704481745839012E-006   0.0000000000000000        3.7172815166722912E-006   4.0358432692088198E-007   4.0358432692088198E-007   4.0358432692088198E-007   4.0358432692088198E-007   0.0000000000000000     
          33   1.9661726909022909E-007   5.5016953582814394E-010   7.0955065035633391E-027   1.9635129030529453E-007   1.9579358198985366E-007   1.9515136588321356E-007   4.5208718520970227E-006   4.6086764440786692E-006   4.6122134405995258E-006   4.7675874660436103E-006   5.2081911569008738E-005   6.5496934358460420E-009   5.2081911569008738E-005   6.5496934358460420E-009   5.2081911569008738E-005   6.5496934358460420E-009   5.2081911569008738E-005   6.5496934358460420E-009   7.2706617037029477E-012   3.7378945192714028E-007   4.5913686449314973E-006   1.6900364138057197E-007   3.4242922895420311E-010   4.5945019065915565E-006   1.6855164657709964E-007   3.5117359588572331E-010   4.5430992374869460E-006   1.6844931258694772E-007   3.4979039570158114E-010   4.5145375205071088E-006   1.6849599601728446E-007   3.5009726748382173E-010   3.5826018971720364E-006   5.0521510798671881E-011   0.0000000000000000        3.5826018971720364E-006   3.5826018971720364E-006   3.5826018971720364E-006   0.0000000000000000        4.3710988073022899E-006   4.7108038486348929E-007   4.7108038486348929E-007   4.7108038486348929E-007   4.7108038486348929E-007   0.0000000000000000     
          34   2.3046320519437341E-007   6.5104142202995166E-010   1.6037959393999813E-025   2.3017594738173586E-007   2.2957231298237275E-007   2.2887737939645072E-007   5.1827048317955933E-006   5.2818813478013927E-006   5.2844158616147803E-006   5.4536441166682117E-006   6.0254310425428462E-005   6.6630369773487782E-009   6.0254310425428462E-005   6.6630369773487782E-009   6.0254310425428462E-005   6.6630369773487782E-009   6.0254310425428462E-005   6.6630369773487782E-009   8.4863445912864530E-012   4.6249159932471224E-007   5.2563317694339938E-006   1.8763909575743738E-007   3.4474035186649433E-010   5.2632720428054166E-006   1.8716096837769475E-007   3.5358152513091938E-010   5.2059258254843948E-006   1.8704645189555927E-007   3.5218342548424345E-010   5.1735720322172496E-006   1.8707638677345763E-007   3.5249394148327263E-010   4.1221279423458180E-006   6.3469182135721541E-011   0.0000000000000000        4.1221279423458180E-006   4.1221279423458180E-006   4.1221279423458180E-006   0.0000000000000000        5.0664835843023639E-006   5.4224812802721725E-007   5.4224812802721725E-007   5.4224812802721725E-007   5.4224812802721725E-007   0.0000000000000000     
          35   2.6627336773778491E-007   7.6248400656148041E-010   2.6444612424666749E-024   2.6596884626192232E-007   2.6532719759556015E-007   2.6458863757069194E-007   5.8699578383092317E-006   5.9805895066619188E-006   5.9816969697681320E-006   6.1632150885930029E-006   6.8876717461056896E-005   6.7678915025432635E-009   6.8876717461056896E-005   6.7678915025432635E-009   6.8876717461056896E-005   6.7678915025432635E-009   6.8876717461056896E-005   6.7678915025432635E-009   9.7877028692999473E-012   5.6626053132360117E-007   5.9447271809030116E-006   2.0846974619934962E-007   3.4682688211911512E-010   5.9561061978473522E-006   2.0796688337964122E-007   3.5575572717279621E-010   5.8927810932157931E-006   2.0783318238802596E-007   3.5434413768208940E-010   5.8565556288769683E-006   2.0783358384176898E-007   3.5465795640518003E-010   4.6842134864952712E-006   7.8846600721622059E-011   0.0000000000000000        4.6842134864952712E-006   4.6842134864952712E-006   4.6842134864952712E-006   0.0000000000000000        5.7967912262401536E-006   6.1645634273209563E-007   6.1645634273209563E-007   6.1645634273209563E-007   6.1645634273209563E-007   0.0000000000000000     
          36   3.0393467358890464E-007   8.8525536867553014E-010   3.2895783425881604E-023   3.0361757883118461E-007   3.0294716074089921E-007   3.0217557121178253E-007   6.5794442485587000E-006   6.7015346686097444E-006   6.7007569384577999E-006   6.8927245690287887E-006   7.7916968637033393E-005   6.8656339668939282E-009   7.7916968637033393E-005   6.8656339668939282E-009   7.7916968637033393E-005   6.8656339668939282E-009   7.7916968637033393E-005   6.8656339668939282E-009   1.1175760345666254E-011   6.8701436583979141E-007   6.6530757321054263E-006   2.3188290673755237E-007   3.4872825912165129E-010   6.6694556598448303E-006   2.3135688158197108E-007   3.5773722061090449E-010   6.6001383699859661E-006   2.3119522603291578E-007   3.5631330686061331E-010   6.5600349017133171E-006   2.3115015947464380E-007   3.5663014563873777E-010   5.2662535523958904E-006   9.7002799325089084E-011   0.0000000000000000        5.2662535523958904E-006   5.2662535523958904E-006   5.2662535523958904E-006   0.0000000000000000        6.5595801616927147E-006   6.9339559160595148E-007   6.9339559160595148E-007   6.9339559160595148E-007   6.9339559160595148E-007   0.0000000000000000     
          37   3.4313405720895337E-007   1.0213942817911258E-009   3.2982073549240068E-022   3.4280904887799785E-007   3.4211899874012920E-007   3.4132482628601743E-007   7.3118983542601738E-006   7.4454106745755465E-006   7.4422104817583485E-006   7.6424567805488193E-006   8.7413930692253894E-005   6.9561344289661183E-009   8.7413930692253894E-005   6.9561344289661183E-009   8.7413930692253894E-005   6.9561344289661183E-009   8.7413930692253894E-005   6.9561344289661183E-009   1.2658093632867685E-011   8.2532014619192907E-007   7.3817843957642486E-006   2.5790505986053352E-007   3.5045196879873740E-010   7.4037188593014225E-006   2.5735794467495146E-007   3.5953374458959225E-010   7.3283992889836839E-006   2.5715823155051159E-007   3.5809863237399583E-010   7.2844826350297242E-006   2.5704929264376972E-007   3.5841821755019845E-010   5.8682202383131107E-006   1.1855718366034799E-010   0.0000000000000000        5.8682202383131107E-006   5.8682202383131107E-006   5.8682202383131107E-006   0.0000000000000000        7.3520277459364850E-006   7.7302543776252066E-007   7.7302543776252066E-007   7.7302543776252066E-007   7.7302543776252066E-007   0.0000000000000000     
          38   3.8381945473401131E-007   1.1729029013855239E-009   2.7331566344202591E-021   3.8349152251803436E-007   3.8279160454988685E-007   3.8198598811881342E-007   8.0673210948199485E-006   8.2122036278148868E-006   8.2060086369974273E-006   8.4120767855242061E-006   9.7382785885349348E-005   7.0405498694202317E-009   9.7382785885349348E-005   7.0405498694202317E-009   9.7382785885349348E-005   7.0405498694202317E-009   9.7382785885349348E-005   7.0405498694202317E-009   1.4245064645662173E-011   9.8283909285284176E-007   8.1306658800958916E-006   2.8685727629965038E-007   3.5202848867744430E-010   8.1586552631569979E-006   2.8629130140204632E-007   3.6117701365981477E-010   8.0773208032608064E-006   2.8604180121393560E-007   3.5973163784517690E-010   8.0297339519101297E-006   2.8584756118690537E-007   3.6005374198704197E-010   6.4900638120602524E-006   1.4419412845690999E-010   0.0000000000000000        6.4900638120602524E-006   6.4900638120602524E-006   6.4900638120602524E-006   0.0000000000000000        8.1738994994460592E-006   8.5535648335154123E-007   8.5535648335154123E-007   8.5535648335154123E-007   8.5535648335154123E-007   0.0000000000000000     
          39   4.2432027095482070E-007   1.3396416442980687E-009   1.9085565122595758E-020   4.2399330146631052E-007   4.2329114372988394E-007   4.2248275973910497E-007   8.8293465403434398E-006   8.9852568523920364E-006   8.9754677368014521E-006   9.1843005546236276E-006   1.0766163639169627E-004   7.1158870615996516E-009   1.0766163639169627E-004   7.1158870615996516E-009   1.0766163639169627E-004   7.1158870615996516E-009   1.0766163639169627E-004   7.1158870615996516E-009   1.5911613898370875E-011   1.1526266163151401E-006   8.8835558327551831E-006   3.1734930359400380E-007   3.5341040056329738E-010   8.9179798874919563E-006   3.1676765611243697E-007   3.6261755456211256E-010   8.8307672040999273E-006   3.1645849037333463E-007   3.6116316536775624E-010   8.7798370320469797E-006   3.1616061342203681E-007   3.6148748308035386E-010   7.1173474767879840E-006   1.7437979360413560E-010   0.0000000000000000        7.1173474767879840E-006   7.1173474767879840E-006   7.1173474767879840E-006   0.0000000000000000        8.9986440895594711E-006   9.3834748294362970E-007   9.3834748294362970E-007   9.3834748294362970E-007   9.3834748294362970E-007   0.0000000000000000     
          40   4.6404644120689683E-007   1.5228982949586438E-009   1.1360573991157612E-019   4.6372361182307615E-007   4.6302547053079454E-007   4.6222141823010590E-007   9.5919420812347443E-006   9.7584840966498892E-006   9.7445348642225569E-006   9.9528324728087969E-006   1.1818975990136007E-004   7.1827631431791021E-009   1.1818975990136007E-004   7.1827631431791021E-009   1.1818975990136007E-004   7.1827631431791021E-009   1.1818975990136007E-004   7.1827631431791021E-009   1.7657685118811575E-011   1.3312504435265555E-006   9.6348791351648903E-006   3.4881379626965523E-007   3.5461761600176110E-010   9.6760076405538934E-006   3.4821960876197648E-007   3.6387607835148529E-010   9.5830903393568512E-006   3.4784224712176270E-007   3.6241380246953657E-010   9.5292520352719096E-006   3.4742473822861748E-007   3.6274005815197453E-010   7.7450723797282464E-006   2.0983921286294395E-010   0.0000000000000000        7.7450723797282464E-006   7.7450723797282464E-006   7.7450723797282464E-006   0.0000000000000000        9.8167301048256728E-006   1.0212967199113911E-006   1.0212967199113911E-006   1.0212967199113911E-006   1.0212967199113911E-006   0.0000000000000000     
          41   5.0246585512677179E-007   1.7253439790022228E-009   5.8969846983839352E-019   5.0214924292036190E-007   5.0145922474116948E-007   5.0066414524294460E-007   1.0352587342638577E-005   1.0529376444116514E-005   1.0510729878042000E-005   1.0714947647840793E-005   1.2896181641004723E-004   7.2416161485189501E-009   1.2896181641004723E-004   7.2416161485189501E-009   1.2896181641004723E-004   7.2416161485189501E-009   1.2896181641004723E-004   7.2416161485189501E-009   1.9493968901515727E-011   1.5144073923545877E-006   1.0382748755943472E-005   3.8050793429102001E-007   3.5566505052403225E-010   1.0430786762578823E-005   3.7990416640175480E-007   3.6496809886987508E-010   1.0332348872001397E-005   3.7945226687686988E-007   3.6349897054124888E-010   1.0276131349979968E-005   3.7890305446969475E-007   3.6382691088239126E-010   8.3711070424470277E-006   2.5169934586752076E-010   0.0000000000000000        8.3711070424470277E-006   8.3711070424470277E-006   8.3711070424470277E-006   0.0000000000000000        1.0620857642102044E-005   1.1038501616291137E-006   1.1038501616291137E-006   1.1038501616291137E-006   1.1038501616291137E-006   0.0000000000000000     
          42   5.3930516664727374E-007   1.9506460736291236E-009   2.7161009754945579E-018   5.3899598627146283E-007   5.3831652591517327E-007   5.3753315519296356E-007   1.1110760249223557E-005   1.1297484011764786E-005   1.1273666155667170E-005   1.1470072046847526E-005   1.3999398479124951E-004   7.2933176618989715E-009   1.3999398479124951E-004   7.2933176618989715E-009   1.3999398479124951E-004   7.2933176618989715E-009   1.3999398479124951E-004   7.2933176618989715E-009   2.1441414719577958E-011   1.6988102781590490E-006   1.1127371844965489E-005   4.1190135029676641E-007   3.5657380229016731E-010   1.1182469985751315E-005   4.1129060603996439E-007   3.6591558481752431E-010   1.1078680088151328E-005   4.1075985598160648E-007   3.6444050411469626E-010   1.1020689761440591E-005   4.1007056275120969E-007   3.6476990845693596E-010   8.9953032374078954E-006   3.0147018529515142E-010   0.0000000000000000        8.9953032374078954E-006   8.9953032374078954E-006   8.9953032374078954E-006   0.0000000000000000        1.1407623894138972E-005   1.1859448694907711E-006   1.1859448694907711E-006   1.1859448694907711E-006   1.1859448694907711E-006   0.0000000000000000     
          43   5.7425826865260297E-007   2.2027476014279839E-009   1.1220203627568580E-017   5.7395694691954365E-007   5.7328897282350565E-007   5.7251833865209980E-007   1.1864183866543061E-005   1.2060602361317965E-005   1.2031252628009482E-005   1.2215983208838882E-005   1.5127635814309823E-004   7.3385236608281507E-009   1.5127635814309823E-004   7.3385236608281507E-009   1.5127635814309823E-004   7.3385236608281507E-009   1.5127635814309823E-004   7.3385236608281507E-009   2.3523178323361493E-011   1.8808874343911173E-006   1.1867343078733576E-005   4.4241934699357894E-007   3.5735974000614070E-010   1.1929589070272405E-005   4.4180385306318659E-007   3.6673506043154275E-010   1.1820602375874222E-005   4.4119224042674501E-007   3.6525482640608477E-010   1.1761519388138846E-005   4.4035870453751818E-007   3.6558549868687636E-010   9.6162488619897322E-006   3.6095748884556171E-010   0.0000000000000000        9.6162488619897322E-006   9.6162488619897322E-006   9.6162488619897322E-006   0.0000000000000000        1.2172430851098727E-005   1.2673641616620651E-006   1.2673641616620651E-006   1.2673641616620651E-006   1.2673641616620651E-006   0.0000000000000000     
          44   6.0706884282556376E-007   2.4878715374691676E-009   4.2278007723363600E-017   6.0677488640667324E-007   6.0611755076378256E-007   6.0535867210983462E-007   1.2613298397078130E-005   1.2819291237111617E-005   1.2784169785780501E-005   1.2953173815234586E-005   1.6284797411585187E-004   7.3777059886238799E-009   1.6284797411585187E-004   7.3777059886238799E-009   1.6284797411585187E-004   7.3777059886238799E-009   1.6284797411585187E-004   7.3777059886238799E-009   2.5779971551765415E-011   2.0569467153451747E-006   1.2604095985730015E-005   4.7144163058674690E-007   3.5803449242262703E-010   1.2673565712434422E-005   4.7082322162199182E-007   3.6743863461674018E-010   1.2559496311468646E-005   4.7013127684330607E-007   3.6595397232227324E-010   1.2500070255410732E-005   4.6915404158781496E-007   3.6628573449176639E-010   1.0234841578536613E-005   4.3283182597267492E-010   0.0000000000000000        1.0234841578536613E-005   1.0234841578536613E-005   1.0234841578536613E-005   0.0000000000000000        1.2912587660633835E-005   1.3481810539698519E-006   1.3481810539698519E-006   1.3481810539698519E-006   1.3481810539698519E-006   0.0000000000000000     
          45   6.3718393498749628E-007   2.8126696046960010E-009   1.4698542211836012E-016   6.3689567571261642E-007   6.3624588189823634E-007   6.3549524373646243E-007   1.3354105296758413E-005   1.3569624716239620E-005   1.3528682505476263E-005   1.3677782460411098E-005   1.7469116800758586E-004   7.4107914034944905E-009   1.7469116800758586E-004   7.4107914034944905E-009   1.7469116800758586E-004   7.4107914034944905E-009   1.7469116800758586E-004   7.4107914034944905E-009   2.8255409656841555E-011   2.2212463765535285E-006   1.3334917437053088E-005   4.9798118456895920E-007   3.5859961968016384E-010   1.3411667824357777E-005   4.9736130575203568E-007   3.6802792122250714E-010   1.3292606067526732E-005   4.9659325108876346E-007   3.6653954728424044E-010   1.3233661678999254E-005   4.9547968661103185E-007   3.6687222321072219E-010   1.0848430624353179E-005   5.2035223589938396E-010   0.0000000000000000        1.0848430624353179E-005   1.0848430624353179E-005   1.0848430624353179E-005   0.0000000000000000        1.3619886137400074E-005   1.4279885911026512E-006   1.4279885911026512E-006   1.4279885911026512E-006   1.4279885911026512E-006   0.0000000000000000     
          46   6.6454775931212664E-007   3.1874168874202711E-009   4.7714412618322760E-016   6.6426300331999135E-007   6.6361665456567364E-007   6.6286963756977726E-007   1.4088099652382686E-005   1.4313261400186959E-005   1.4266692380958975E-005   1.4391657741080500E-005   1.8685848861041429E-004   7.4384181103250953E-009   1.8685848861041429E-004   7.4384181103250953E-009   1.8685848861041429E-004   7.4384181103250953E-009   1.8685848861041429E-004   7.4384181103250953E-009   3.1030138788142577E-011   2.3715078888295344E-006   1.4062474033190691E-005   5.2168073875483534E-007   3.5906828241358587E-010   1.4146619026076004E-005   5.2106040588482377E-007   3.6851663334838604E-010   1.4022568375706611E-005   5.2022242250311579E-007   3.6702517937673927E-010   1.3964970565556488E-005   5.1898358081246222E-007   3.6735861373513920E-010   1.1459302706874323E-005   6.2829717372187890E-010   0.0000000000000000        1.1459302706874323E-005   1.1459302706874323E-005   1.1459302706874323E-005   0.0000000000000000        1.4294668375088886E-005   1.5070938001740614E-006   1.5070938001740614E-006   1.5070938001740614E-006   1.5070938001740614E-006   0.0000000000000000     
          47   6.8914540066584089E-007   3.6242606353130904E-009   1.4560638468732054E-015   6.8886176568284057E-007   6.8821443084270331E-007   6.8746607924889774E-007   1.4814871137735052E-005   1.5049925287363888E-005   1.4998278613024742E-005   1.5095047932126543E-005   1.9936473202206246E-004   7.4612066093121506E-009   1.9936473202206246E-004   7.4612066093121506E-009   1.9936473202206246E-004   7.4612066093121506E-009   1.9936473202206246E-004   7.4612066093121506E-009   3.4210809396697733E-011   2.5063613077361582E-006   1.4787511591273419E-005   5.4235267099897259E-007   3.5945267360266438E-010   1.4879267737833951E-005   5.4173253840154361E-007   3.6891747821013061E-010   1.4750144905660241E-005   5.4083215185924062E-007   3.6742349671661687E-010   1.4694761706016685E-005   5.3948161366343049E-007   3.6775755356994797E-010   1.2068425515415150E-005   7.6285693789430991E-010   0.0000000000000000        1.2068425515415150E-005   1.2068425515415150E-005   1.2068425515415150E-005   0.0000000000000000        1.4937013779074269E-005   1.5856788397368536E-006   1.5856788397368536E-006   1.5856788397368536E-006   1.5856788397368536E-006   0.0000000000000000     
          48   7.1090744980323527E-007   4.1323443606612099E-009   4.1471431172977522E-015   7.1062284141985695E-007   7.0997071074191958E-007   7.0921682494047377E-007   1.5526157043518686E-005   1.5771342179193873E-005   1.5715675873574153E-005   1.5781024736640748E-005   2.1206328414781131E-004   7.4797483346146621E-009   2.1206328414781131E-004   7.4797483346146621E-009   2.1206328414781131E-004   7.4797483346146621E-009   2.1206328414781131E-004   7.4797483346146621E-009   3.7905337818540082E-011   2.6250509688480152E-006   1.5502613506861495E-005   5.5996132009677639E-007   3.5976397406404750E-010   1.5602304324040913E-005   5.5934175914916849E-007   3.6924210994612702E-010   1.5468010412003042E-005   5.5838724156163876E-007   3.6774608066121960E-010   1.5415610229094917E-005   5.5693996159154476E-007   3.6808064193367659E-010   1.2670287821983609E-005   9.3028550762863475E-010   0.0000000000000000        1.2670287821983609E-005   1.2670287821983609E-005   1.2670287821983609E-005   0.0000000000000000        1.5542621311166494E-005   1.6631585518414179E-006   1.6631585518414179E-006   1.6631585518414179E-006   1.6631585518414179E-006   0.0000000000000000     
          49   7.2984141398428624E-007   4.7277789496372342E-009   1.1083495050605196E-014   7.2955380025211447E-007   7.2889321390565416E-007   7.2812980851337300E-007   1.6219027961251968E-005   1.6474561903042269E-005   1.6416450555301228E-005   1.6447998017367252E-005   2.2489122320330860E-004   7.4944583182130592E-009   2.2489122320330860E-004   7.4944583182130592E-009   2.2489122320330860E-004   7.4944583182130592E-009   2.2489122320330860E-004   7.4944583182130592E-009   4.2303933093834917E-011   2.7270392175140479E-006   1.6205391499473961E-005   5.7445682094380861E-007   3.6001001646165947E-010   1.6313630034343931E-005   5.7383798341240610E-007   3.6949869290893807E-010   1.6174086522011301E-005   5.7283826107424999E-007   3.6800104456191623E-010   1.6125296351497093E-005   5.7131041564539625E-007   3.6833600469513631E-010   1.3263651417482847E-005   1.1404766536127872E-009   0.0000000000000000        1.3263651417482847E-005   1.3263651417482847E-005   1.3263651417482847E-005   0.0000000000000000        1.6110690914200340E-005   1.7395009467579542E-006   1.7395009467579542E-006   1.7395009467579542E-006   1.7395009467579542E-006   0.0000000000000000     
          50   7.4660822535864355E-007   5.4549275102178733E-009   2.8596538837101824E-014   7.4631586921893210E-007   7.4564370530784453E-007   7.4486744586185583E-007   1.6911333643574480E-005   1.7177655782161858E-005   1.7119247295757555E-005   1.7114731315793038E-005   2.3815287284944742E-004   7.5062561377636836E-009   2.3815287284944742E-004   7.5062561377636836E-009   2.3815287284944742E-004   7.5062561377636836E-009   2.3815287284944742E-004   7.5062561377636836E-009   4.7867217375613147E-011   2.8160454475930844E-006   1.6914085726118442E-005   5.8643076747256044E-007   3.6020675910706321E-010   1.7032173040021337E-005   5.8581268524448582E-007   3.6970386659293275E-010   1.6887275095058478E-005   5.8477519756958034E-007   3.6820492324749323E-010   1.6842629158651138E-005   5.8318029554020360E-007   3.6854020243773359E-010   1.3865298823864299E-005   1.4162750959420116E-009   0.0000000000000000        1.3865298823864299E-005   1.3865298823864299E-005   1.3865298823864299E-005   0.0000000000000000        1.6658664508901588E-005   1.8170786797031544E-006   1.8170786797031544E-006   1.8170786797031544E-006   1.8170786797031544E-006   0.0000000000000000     
          51   7.6109852102765323E-007   6.3421541076225514E-009   6.9928289913007868E-014   7.6080036308365364E-007   7.6011490954973700E-007   7.5932407051763099E-007   1.7588539248378601E-005   1.7865726819899492E-005   1.7809822718342690E-005   1.7769073137332286E-005   2.5150954058453327E-004   7.5154591500183632E-009   2.5150954058453327E-004   7.5154591500183632E-009   2.5150954058453327E-004   7.5154591500183632E-009   2.5150954058453327E-004   7.5154591500183632E-009   5.5024570089788487E-011   2.8921555414071001E-006   1.7613129871577992E-005   5.9599245285067257E-007   3.6035986640120550E-010   1.7742687019717470E-005   5.9537506829306263E-007   3.6986353654883157E-010   1.7592723004637852E-005   5.9430715468005309E-007   3.6836358520661649E-010   1.7552422596648322E-005   5.9265845246275719E-007   3.6869911276208872E-010   1.4463972388635907E-005   1.7795400353829657E-009   0.0000000000000000        1.4463972388635907E-005   1.4463972388635907E-005   1.4463972388635907E-005   0.0000000000000000        1.7178700275263741E-005   1.8947599527233420E-006   1.8947599527233420E-006   1.8947599527233420E-006   1.8947599527233420E-006   0.0000000000000000     
          52   7.7366191336428506E-007   7.4767028067788073E-009   1.6531909266429258E-013   7.7335702483762775E-007   7.7265683780444926E-007   7.7184998944725535E-007   1.8263109250095127E-005   1.8551218801714606E-005   1.8501136948796421E-005   1.8424807335037939E-005   2.6512137529146170E-004   7.5224637241428842E-009   2.6512137529146170E-004   7.5224637241428842E-009   2.6512137529146170E-004   7.5224637241428842E-009   2.6512137529146170E-004   7.5224637241428842E-009   6.4818329598149113E-011   2.9573719422518749E-006   1.8313849612724123E-005   6.0340336113540545E-007   3.6047618571523376E-010   1.8457154266238025E-005   6.0278656630962373E-007   3.6998484257356568E-010   1.8302804642155743E-005   6.0169490683499210E-007   3.6848412530617922E-010   1.8266861766011731E-005   6.0000447535973268E-007   3.6881984159258984E-010   1.5071715364913794E-005   2.2843325755351876E-009   0.0000000000000000        1.5071715364913794E-005   1.5071715364913794E-005   1.5071715364913794E-005   0.0000000000000000        1.7682196443837167E-005   1.9745378971432151E-006   1.9745378971432151E-006   1.9745378971432151E-006   1.9745378971432151E-006   0.0000000000000000     
          53   7.8441346597564737E-007   8.9255202447750211E-009   3.6902861615072543E-013   7.8410204619367763E-007   7.8338795696131402E-007   7.8256617696234457E-007   1.8916592643598181E-005   1.9215147707137318E-005   1.9173928975297513E-005   1.9065351803837091E-005   2.7844975541295198E-004   7.5278200074322312E-009   2.7844975541295198E-004   7.5278200074322312E-009   2.7844975541295198E-004   7.5278200074322312E-009   2.7844975541295198E-004   7.5278200074322312E-009   7.8341033483914416E-011   3.0138304644225934E-006   1.8994057465389382E-005   6.0914928810996169E-007   3.6056500895455458E-010   1.9152978933126373E-005   6.0853298027438094E-007   3.7007747426485740E-010   1.8995592290138810E-005   6.0742281390670341E-007   3.6857617205202880E-010   1.8963555683002109E-005   6.0569999172650762E-007   3.6891203248066747E-010   1.5672052777642799E-005   2.9891757784614234E-009   0.0000000000000000        1.5672052777642799E-005   1.5672052777642799E-005   1.5672052777642799E-005   0.0000000000000000        1.8161431352474706E-005   2.0549109271069201E-006   2.0549109271069201E-006   2.0549109271069201E-006   2.0549109271069201E-006   0.0000000000000000     
          54   7.9400811001518087E-007   1.0872696471997638E-008   7.9598025747815304E-013   7.9369084772075797E-007   7.9296459475998026E-007   7.9212997640060318E-007   1.9566839214850795E-005   1.9875523940588318E-005   1.9845500380957593E-005   1.9708423525776219E-005   2.9167772110465050E-004   7.5322026838762193E-009   2.9167772110465050E-004   7.5322026838762193E-009   2.9167772110465050E-004   7.5322026838762193E-009   2.9167772110465050E-004   7.5322026838762193E-009   9.8230039135242514E-011   3.0662039956822810E-006   1.9669037606995623E-005   6.1390196346108428E-007   3.6063760689215051E-010   1.9845351716022606E-005   6.1328608147791688E-007   3.7015318530177951E-010   1.9686540830434132E-005   6.1216054709369685E-007   3.6865140494827295E-010   1.9657698203832961E-005   6.1041084382579091E-007   3.6898738320439207E-010   1.6280979240041763E-005   4.0289855393422613E-009   0.0000000000000000        1.6280979240041763E-005   1.6280979240041763E-005   1.6280979240041763E-005   0.0000000000000000        1.8634807182434474E-005   2.1388667080782780E-006   2.1388667080782780E-006   2.1388667080782780E-006   2.1388667080782780E-006   0.0000000000000000     
          55   8.0268125167930499E-007   1.3637361445106458E-008   1.6944291829764744E-012   8.0235872838303204E-007   8.0162171820159002E-007   8.0077611029416689E-007   2.0233924546790835E-005   2.0552839227940846E-005   2.0535002050558680E-005   2.0373164211503475E-005   3.0506237022573200E-004   7.5357057181478787E-009   3.0506237022573200E-004   7.5357057181478787E-009   3.0506237022573200E-004   7.5357057181478787E-009   3.0506237022573200E-004   7.5357057181478787E-009   1.2977976254822162E-010   3.1163891067613158E-006   2.0357211916874689E-005   6.1773431354903118E-007   3.6069558204898166E-010   2.0552700455434997E-005   6.1711878849420652E-007   3.7021364672985036E-010   2.0393932106039210E-005   6.1598082196337737E-007   3.6871148451309953E-010   2.0367328272339735E-005   6.1420940949983554E-007   3.6904755687383307E-010   1.6918175647553613E-005   5.6525708451681799E-009   0.0000000000000000        1.6918175647553613E-005   1.6918175647553613E-005   1.6918175647553613E-005   0.0000000000000000        1.9119498506257684E-005   2.2303888508359252E-006   2.2303888508359252E-006   2.2303888508359252E-006   2.2303888508359252E-006   0.0000000000000000     
          56   8.1076466582317232E-007   1.7792428781115052E-008   3.6561714670847485E-012   8.1043753441567803E-007   8.0969096124550952E-007   8.0883640853203720E-007   2.0952937325257421E-005   2.1283126531218103E-005   2.1276363875036436E-005   2.1092860190121342E-005   3.1913505859154022E-004   7.5385287418700521E-009   3.1913505859154022E-004   7.5385287418700521E-009   3.1913505859154022E-004   7.5385287418700521E-009   3.1913505859154022E-004   7.5385287418700521E-009   1.8409989451548722E-010   3.1681204948954754E-006   2.1093344172840489E-005   6.2084459571354133E-007   3.6074226962091002E-010   2.1310486818413734E-005   6.2022936926390818E-007   3.7026233664364539E-010   2.1152260122356357E-005   6.1908128702162170E-007   3.6875986689165638E-010   2.1127002967361267E-005   6.1729223143444054E-007   3.6909601504165597E-010   1.7619829848934946E-005   8.3492841920383705E-009   0.0000000000000000        1.7619829848934946E-005   1.7619829848934946E-005   1.7619829848934946E-005   0.0000000000000000        1.9646199890435579E-005   2.3366796703361846E-006   2.3366796703361846E-006   2.3366796703361846E-006   2.3366796703361846E-006   0.0000000000000000     
          57   8.1853339746253843E-007   2.4398383783953309E-008   8.4751726273554554E-012   8.1820242248336396E-007   8.1744700742959261E-007   8.1658586431207744E-007   2.1778650313493841E-005   2.2122547562866000E-005   2.2122792962186479E-005   2.1919349939880551E-005   3.3473095779836524E-004   7.5407887626008054E-009   3.3473095779836524E-004   7.5407887626008054E-009   3.3473095779836524E-004   7.5407887626008054E-009   3.3473095779836524E-004   7.5407887626008054E-009   2.8507756542843858E-010   3.2265857477794692E-006   2.1932949225039228E-005   6.2334877172263083E-007   3.6077962467470714E-010   2.2175613271697795E-005   6.2273379118149900E-007   3.7030129387520397E-010   2.2016426626653991E-005   6.2157754756003530E-007   3.6879857804951700E-010   2.1992518958016899E-005   6.1977427615805640E-007   3.6913478684323893E-010   1.8443922619675099E-005   1.3252921118193708E-008   0.0000000000000000        1.8443922619675099E-005   1.8443922619675099E-005   1.8443922619675099E-005   0.0000000000000000        2.0262844270706179E-005   2.4698704111133523E-006   2.4698704111133523E-006   2.4698704111133523E-006   2.4698704111133523E-006   0.0000000000000000     
          58   8.2643942955788621E-007   3.5973810655595389E-008   2.3559684359638429E-011   8.2610565091019447E-007   8.2534163924200146E-007   8.2447690784323230E-007   2.2813741366514802E-005   2.3175330500494784E-005   2.3175104443125864E-005   2.2950869171629532E-005   3.5332999198324792E-004   7.5426732016520105E-009   3.5332999198324792E-004   7.5426732016520105E-009   3.5332999198324792E-004   7.5426732016520105E-009   3.5332999198324792E-004   7.5426732016520105E-009   4.9735078993727122E-010   3.3025217906169134E-006   2.2976778280621629E-005   6.2544635871109200E-007   3.6081075727749708E-010   2.3250029406832136E-005   6.2483158932270935E-007   3.7033376183265835E-010   2.3085558931235774E-005   6.2366849865881971E-007   3.6883084091466859E-010   2.3064888204059497E-005   6.2185328754789277E-007   3.6916710025318022E-010   1.9497014753416008E-005   2.4093774262403456E-008   0.0000000000000000        1.9497014753416008E-005   1.9497014753416008E-005   1.9497014753416008E-005   0.0000000000000000        2.1061732130617176E-005   2.6547240120139735E-006   2.6547240120139735E-006   2.6547240120139735E-006   2.6547240120139735E-006   0.0000000000000000     
          59   8.3533776239703594E-007   6.1964296618222468E-008   8.7585953267001030E-011   8.3500246062313649E-007   8.3422947060126195E-007   8.3336465545275482E-007   2.4313393189825278E-005   2.4697594735732675E-005   2.4686143437683538E-005   2.4436058906273615E-005   3.7836753269120674E-004   7.5442932138663715E-009   3.7836753269120674E-004   7.5442932138663715E-009   3.7836753269120674E-004   7.5442932138663715E-009   3.7836753269120674E-004   7.5442932138663715E-009   1.1333504913506058E-009   3.4274201935571561E-006   2.4452509094571355E-005   6.2725649434363127E-007   3.6083751071519063E-010   2.4760082830832522E-005   6.2664191201496184E-007   3.7036166283605237E-010   2.4583161181955988E-005   6.2547290536711864E-007   3.6885856566819456E-010   2.4569290323525235E-005   6.2364734855801564E-007   3.6919486844384551E-010   2.1034685409223646E-005   5.8262343637837001E-008   0.0000000000000000        2.1034685409223646E-005   2.1034685409223646E-005   2.1034685409223646E-005   0.0000000000000000        2.2291047887790955E-005   2.9652423632263620E-006   2.9652423632263620E-006   2.9652423632263620E-006   2.9652423632263620E-006   0.0000000000000000     
          60   8.5053637205646699E-007   2.2776091692351786E-007   7.7748662891642271E-010   8.5020093783182335E-007   8.4941799078940538E-007   8.4855671614397900E-007   2.8495227653092403E-005   2.8906305899951678E-005   2.8869084801831580E-005   2.8574918973867968E-005   4.4231217758644922E-004   7.5456763889611800E-009   4.4231217758644922E-004   7.5456763889611800E-009   4.4231217758644922E-004   7.5456763889611800E-009   4.4231217758644922E-004   7.5456763889611800E-009   1.7789249168588188E-008   3.9636565050711160E-006   2.8285020806847816E-005   6.2880704922068794E-007   3.6086034518968158E-010   2.8624469924722333E-005   6.2819263072256244E-007   3.7038547680808628E-010   2.8426342009352390E-005   6.2701855116869111E-007   3.6888222920369616E-010   2.8421709651095694E-005   6.2518410055650741E-007   3.6921856905513090E-010   2.5269760714541196E-005   3.7994684527496717E-007   0.0000000000000000        2.5269760714541196E-005   2.5269760714541196E-005   2.5269760714541196E-005   0.0000000000000000        2.6467817958428755E-005   4.2212488083066746E-006   4.2212488083066746E-006   4.2212488083066746E-006   4.2212488083066746E-006   0.0000000000000000     

